{
    "predict_bleu-4": 7.845030041436464,
    "predict_model_preparation_time": 0.0065,
    "predict_rouge-1": 8.668470395948434,
    "predict_rouge-2": 3.5875395257826885,
    "predict_rouge-l": 7.57594459023941,
    "predict_runtime": 36161.9957,
    "predict_samples_per_second": 0.12,
    "predict_steps_per_second": 0.12
}