{
    "predict_bleu-4": 11.273598316295852,
    "predict_model_preparation_time": 0.0069,
    "predict_rouge-1": 20.45714347564642,
    "predict_rouge-2": 13.750256945279617,
    "predict_rouge-l": 18.79710920024053,
    "predict_runtime": 11571.8784,
    "predict_samples_per_second": 0.144,
    "predict_steps_per_second": 0.144
}