{
    "predict_bleu-4": 4.2262147095959595,
    "predict_model_preparation_time": 0.0204,
    "predict_rouge-1": 2.107905808080808,
    "predict_rouge-2": 0.5767426767676768,
    "predict_rouge-l": 1.258716414141414,
    "predict_runtime": 45877.4176,
    "predict_samples_per_second": 0.035,
    "predict_steps_per_second": 0.017
}