{
    "predict_bleu-4": 6.22901206088993,
    "predict_model_preparation_time": 0.0061,
    "predict_rouge-1": 5.793519789227165,
    "predict_rouge-2": 1.7131230809263596,
    "predict_rouge-l": 4.100644054124381,
    "predict_runtime": 31684.4231,
    "predict_samples_per_second": 0.243,
    "predict_steps_per_second": 0.243
}