{
    "predict_bleu-4": 1.0204914972273569,
    "predict_model_preparation_time": 0.0043,
    "predict_rouge-1": 0.14957929759704253,
    "predict_rouge-2": 0.0,
    "predict_rouge-l": 0.07991127541589649,
    "predict_runtime": 8234.3107,
    "predict_samples_per_second": 0.066,
    "predict_steps_per_second": 0.066
}