{
    "predict_bleu-4": 2.9289699530516438,
    "predict_model_preparation_time": 0.0207,
    "predict_rouge-1": 4.782831995305164,
    "predict_rouge-2": 0.0,
    "predict_rouge-l": 3.4762378247261347,
    "predict_runtime": 47786.605,
    "predict_samples_per_second": 0.267,
    "predict_steps_per_second": 0.134
}