{
    "predict_bleu-4": 3.9164225274725277,
    "predict_model_preparation_time": 0.0063,
    "predict_rouge-1": 16.277634615384617,
    "predict_rouge-2": 11.310912637362636,
    "predict_rouge-l": 12.279942307692306,
    "predict_runtime": 1789.8507,
    "predict_samples_per_second": 0.102,
    "predict_steps_per_second": 0.102
}