{
    "predict_bleu-4": 9.31886591954023,
    "predict_model_preparation_time": 0.0078,
    "predict_rouge-1": 32.29595465517241,
    "predict_rouge-2": 24.24979609195402,
    "predict_rouge-l": 21.577588965517243,
    "predict_runtime": 201707.9603,
    "predict_samples_per_second": 0.009,
    "predict_steps_per_second": 0.004
}