{
    "predict_bleu-4": 7.554404465930018,
    "predict_model_preparation_time": 0.0073,
    "predict_rouge-1": 8.575917081031307,
    "predict_rouge-2": 3.616982481583794,
    "predict_rouge-l": 6.864530202578269,
    "predict_runtime": 65954.9838,
    "predict_samples_per_second": 0.066,
    "predict_steps_per_second": 0.033
}