{
    "predict_bleu-4": 12.783957787131689,
    "predict_model_preparation_time": 0.007,
    "predict_rouge-1": 11.904723090799758,
    "predict_rouge-2": 7.6712134095009015,
    "predict_rouge-l": 10.667048647023451,
    "predict_runtime": 3408.5098,
    "predict_samples_per_second": 0.488,
    "predict_steps_per_second": 0.488
}