{
    "predict_bleu-4": 90.66099814814815,
    "predict_model_preparation_time": 0.0084,
    "predict_rouge-1": 96.45135892255892,
    "predict_rouge-2": 94.80638745791245,
    "predict_rouge-l": 97.46539696969697,
    "predict_runtime": 1448.3262,
    "predict_samples_per_second": 0.82,
    "predict_steps_per_second": 0.82
}