{
    "predict_bleu-4": 4.889202462121212,
    "predict_model_preparation_time": 0.0064,
    "predict_rouge-1": 3.459907828282828,
    "predict_rouge-2": 1.0647944444444444,
    "predict_rouge-l": 3.1276703914141417,
    "predict_runtime": 5167.192,
    "predict_samples_per_second": 0.307,
    "predict_steps_per_second": 0.307
}