{
    "predict_bleu-4": 32.368328480353895,
    "predict_model_preparation_time": 0.0106,
    "predict_rouge-1": 28.592698399687745,
    "predict_rouge-2": 4.7710685011709595,
    "predict_rouge-l": 28.110744665625816,
    "predict_runtime": 3712.9234,
    "predict_samples_per_second": 2.07,
    "predict_steps_per_second": 1.035
}