{
    "predict_bleu-4": 1.131147504621072,
    "predict_model_preparation_time": 0.0085,
    "predict_rouge-1": 0.11016432532347503,
    "predict_rouge-2": 0.0,
    "predict_rouge-l": 0.06594121996303143,
    "predict_runtime": 9046.2101,
    "predict_samples_per_second": 0.06,
    "predict_steps_per_second": 0.06
}