{
    "predict_bleu-4": 2.769666952901379,
    "predict_model_preparation_time": 0.007,
    "predict_rouge-1": 8.99904594067135,
    "predict_rouge-2": 2.4413105386416865,
    "predict_rouge-l": 6.89880134009888,
    "predict_runtime": 47742.6426,
    "predict_samples_per_second": 0.161,
    "predict_steps_per_second": 0.161
}