{
    "predict_bleu-4": 51.103412626262624,
    "predict_model_preparation_time": 0.0065,
    "predict_rouge-1": 63.51556557239058,
    "predict_rouge-2": 56.88317407407408,
    "predict_rouge-l": 65.48837230639731,
    "predict_runtime": 637.3404,
    "predict_samples_per_second": 1.864,
    "predict_steps_per_second": 1.864
}