{
    "predict_bleu-4": 57.395141077441075,
    "predict_model_preparation_time": 0.0043,
    "predict_rouge-1": 63.861226767676776,
    "predict_rouge-2": 58.28157533670033,
    "predict_rouge-l": 63.167337205387206,
    "predict_runtime": 712.6772,
    "predict_samples_per_second": 1.667,
    "predict_steps_per_second": 1.667
}