{
    "predict_bleu-4": 90.55737142857144,
    "predict_model_preparation_time": 0.0065,
    "predict_rouge-1": 92.41096428571429,
    "predict_rouge-2": 94.81027857142855,
    "predict_rouge-l": 97.65855,
    "predict_runtime": 47.6847,
    "predict_samples_per_second": 0.294,
    "predict_steps_per_second": 0.147
}