{
    "predict_bleu-4": 16.44407426636569,
    "predict_model_preparation_time": 0.0052,
    "predict_rouge-1": 20.250860496613996,
    "predict_rouge-2": 9.087501580135442,
    "predict_rouge-l": 18.095084650112867,
    "predict_runtime": 3542.2551,
    "predict_samples_per_second": 0.25,
    "predict_steps_per_second": 0.25
}