{
    "predict_bleu-4": 13.176703722222223,
    "predict_model_preparation_time": 0.0068,
    "predict_rouge-1": 9.340896740740739,
    "predict_rouge-2": 0.0,
    "predict_rouge-l": 8.524983648148147,
    "predict_runtime": 34451.9767,
    "predict_samples_per_second": 0.157,
    "predict_steps_per_second": 0.157
}