{
    "predict_bleu-4": 73.38918905723905,
    "predict_model_preparation_time": 0.0061,
    "predict_rouge-1": 83.03827491582491,
    "predict_rouge-2": 76.26307971380471,
    "predict_rouge-l": 84.41405867003365,
    "predict_runtime": 1090.1244,
    "predict_samples_per_second": 1.09,
    "predict_steps_per_second": 1.09
}