{
    "predict_bleu-4": 21.480453950338603,
    "predict_model_preparation_time": 0.0071,
    "predict_rouge-1": 20.893130474040632,
    "predict_rouge-2": 7.645777088036117,
    "predict_rouge-l": 18.911155304740408,
    "predict_runtime": 1525.7843,
    "predict_samples_per_second": 0.581,
    "predict_steps_per_second": 0.581
}