{
    "predict_bleu-4": 71.25984285714286,
    "predict_model_preparation_time": 0.0063,
    "predict_rouge-1": 83.99152142857145,
    "predict_rouge-2": 79.70887142857143,
    "predict_rouge-l": 86.65710714285716,
    "predict_runtime": 56.1179,
    "predict_samples_per_second": 0.249,
    "predict_steps_per_second": 0.249
}