{
    "predict_bleu-4": 8.060983123028391,
    "predict_model_preparation_time": 0.0089,
    "predict_rouge-1": 10.805369400630914,
    "predict_rouge-2": 4.747914195583596,
    "predict_rouge-l": 8.712012302839117,
    "predict_runtime": 5738.6986,
    "predict_samples_per_second": 0.11,
    "predict_steps_per_second": 0.055
}