{
    "predict_bleu-4": 88.45984046165884,
    "predict_model_preparation_time": 0.0073,
    "predict_rouge-1": 86.89475577464788,
    "predict_rouge-2": 0.0,
    "predict_rouge-l": 86.86405680751173,
    "predict_runtime": 3895.927,
    "predict_samples_per_second": 3.28,
    "predict_steps_per_second": 1.64
}