{
    "predict_bleu-4": 12.018863882618511,
    "predict_model_preparation_time": 0.0067,
    "predict_rouge-1": 16.144052144469526,
    "predict_rouge-2": 6.460953724604967,
    "predict_rouge-l": 13.593851805869074,
    "predict_runtime": 4504.413,
    "predict_samples_per_second": 0.197,
    "predict_steps_per_second": 0.197
}