{
    "predict_bleu-4": 23.6829116091954,
    "predict_model_preparation_time": 0.0082,
    "predict_rouge-1": 41.27169775862069,
    "predict_rouge-2": 33.55855971264368,
    "predict_rouge-l": 35.11704,
    "predict_runtime": 141655.2012,
    "predict_samples_per_second": 0.012,
    "predict_steps_per_second": 0.012
}