{
    "predict_bleu-4": 12.218239540229884,
    "predict_model_preparation_time": 0.0068,
    "predict_rouge-1": 30.14766229885057,
    "predict_rouge-2": 24.91931109195402,
    "predict_rouge-l": 28.27581224137931,
    "predict_runtime": 184485.7096,
    "predict_samples_per_second": 0.009,
    "predict_steps_per_second": 0.005
}