{
    "predict_bleu-4": 55.02215694444444,
    "predict_model_preparation_time": 0.0064,
    "predict_rouge-1": 48.40509057407407,
    "predict_rouge-2": 0.0,
    "predict_rouge-l": 48.397223055555564,
    "predict_runtime": 22316.7477,
    "predict_samples_per_second": 0.242,
    "predict_steps_per_second": 0.242
}