{
    "predict_bleu-4": 6.201775600739372,
    "predict_model_preparation_time": 0.0033,
    "predict_rouge-1": 0.14693955637707948,
    "predict_rouge-2": 0.0,
    "predict_rouge-l": 0.07450055452865065,
    "predict_runtime": 5243.5332,
    "predict_samples_per_second": 0.103,
    "predict_steps_per_second": 0.103
}