{
    "predict_bleu-4": 4.412909018518519,
    "predict_model_preparation_time": 0.0061,
    "predict_rouge-1": 3.218016,
    "predict_rouge-2": 0.0,
    "predict_rouge-l": 2.1676969074074073,
    "predict_runtime": 15950.7209,
    "predict_samples_per_second": 0.339,
    "predict_steps_per_second": 0.339
}