{
    "predict_bleu-4": 77.55921742424242,
    "predict_model_preparation_time": 0.0063,
    "predict_rouge-1": 86.49194292929293,
    "predict_rouge-2": 81.49739284511784,
    "predict_rouge-l": 87.80004452861952,
    "predict_runtime": 1102.1401,
    "predict_samples_per_second": 1.078,
    "predict_steps_per_second": 1.078
}