{
    "predict_bleu-4": 39.7789851724138,
    "predict_model_preparation_time": 0.0322,
    "predict_rouge-1": 51.79605718390804,
    "predict_rouge-2": 41.78483068965517,
    "predict_rouge-l": 44.657865229885054,
    "predict_runtime": 214124.4288,
    "predict_samples_per_second": 0.008,
    "predict_steps_per_second": 0.002
}