{
    "predict_bleu-4": 42.96327295081967,
    "predict_model_preparation_time": 0.0074,
    "predict_rouge-1": 50.86662746552173,
    "predict_rouge-2": 9.706383034087953,
    "predict_rouge-l": 50.72184480874317,
    "predict_runtime": 2908.1508,
    "predict_samples_per_second": 2.643,
    "predict_steps_per_second": 2.643
}