{
    "predict_bleu-4": 73.33483571428572,
    "predict_model_preparation_time": 0.0071,
    "predict_rouge-1": 80.32167857142856,
    "predict_rouge-2": 77.94628571428571,
    "predict_rouge-l": 85.46714285714287,
    "predict_runtime": 49.0944,
    "predict_samples_per_second": 0.285,
    "predict_steps_per_second": 0.285
}