{
    "predict_bleu-4": 73.16566428571427,
    "predict_model_preparation_time": 0.011,
    "predict_rouge-1": 87.85794999999999,
    "predict_rouge-2": 85.63787142857143,
    "predict_rouge-l": 85.67397142857142,
    "predict_runtime": 95.967,
    "predict_samples_per_second": 0.146,
    "predict_steps_per_second": 0.073
}