{
    "predict_bleu-4": 4.493594555555556,
    "predict_model_preparation_time": 0.0062,
    "predict_rouge-1": 2.2192577037037036,
    "predict_rouge-2": 0.0,
    "predict_rouge-l": 1.5225782037037037,
    "predict_runtime": 16049.7878,
    "predict_samples_per_second": 0.336,
    "predict_steps_per_second": 0.336
}