{
    "predict_bleu-4": 87.71068626373626,
    "predict_model_preparation_time": 0.0143,
    "predict_rouge-1": 90.6124945054945,
    "predict_rouge-2": 89.05475494505495,
    "predict_rouge-l": 90.04898846153846,
    "predict_runtime": 229.8173,
    "predict_samples_per_second": 0.792,
    "predict_steps_per_second": 0.792
}