{
    "predict_bleu-4": 1.606538719750195,
    "predict_model_preparation_time": 0.0072,
    "predict_rouge-1": 6.781117096018735,
    "predict_rouge-2": 1.9700386286755138,
    "predict_rouge-l": 4.318436586000521,
    "predict_runtime": 48532.6769,
    "predict_samples_per_second": 0.158,
    "predict_steps_per_second": 0.158
}