{
    "predict_bleu-4": 33.98027364935065,
    "predict_model_preparation_time": 0.0053,
    "predict_rouge-1": 50.402127077922074,
    "predict_rouge-2": 22.046735714285713,
    "predict_rouge-l": 34.628763025974024,
    "predict_runtime": 39336.4712,
    "predict_samples_per_second": 0.196,
    "predict_steps_per_second": 0.196
}