{
    "predict_bleu-4": 91.1898904040404,
    "predict_model_preparation_time": 0.0068,
    "predict_rouge-1": 96.07849494949495,
    "predict_rouge-2": 94.1753388047138,
    "predict_rouge-l": 97.24018173400674,
    "predict_runtime": 1034.6006,
    "predict_samples_per_second": 1.148,
    "predict_steps_per_second": 1.148
}