{
    "predict_bleu-4": 34.326997053517736,
    "predict_model_preparation_time": 0.0079,
    "predict_rouge-1": 31.212857426337944,
    "predict_rouge-2": 13.364420324714372,
    "predict_rouge-l": 29.182696091401084,
    "predict_runtime": 1710.7954,
    "predict_samples_per_second": 0.972,
    "predict_steps_per_second": 0.972
}