{
    "predict_bleu-4": 1.3234829944547135,
    "predict_model_preparation_time": 0.0065,
    "predict_rouge-1": 0.1526386321626617,
    "predict_rouge-2": 0.0,
    "predict_rouge-l": 0.08489500924214417,
    "predict_runtime": 5722.709,
    "predict_samples_per_second": 0.095,
    "predict_steps_per_second": 0.095
}