{
    "predict_bleu-4": 1.0341329020332717,
    "predict_model_preparation_time": 0.0066,
    "predict_rouge-1": 0.11255212569316081,
    "predict_rouge-2": 0.0,
    "predict_rouge-l": 0.05367652495378928,
    "predict_runtime": 6503.8775,
    "predict_samples_per_second": 0.083,
    "predict_steps_per_second": 0.083
}