{
    "predict_bleu-4": 4.421347474747474,
    "predict_model_preparation_time": 0.007,
    "predict_rouge-1": 1.7820845328282828,
    "predict_rouge-2": 0.43310959595959597,
    "predict_rouge-l": 1.1125369318181817,
    "predict_runtime": 28225.1453,
    "predict_samples_per_second": 0.056,
    "predict_steps_per_second": 0.056
}