{
    "predict_bleu-4": 10.009906073361394,
    "predict_model_preparation_time": 0.0064,
    "predict_rouge-1": 13.91705381840048,
    "predict_rouge-2": 8.344903066746843,
    "predict_rouge-l": 10.75075484064943,
    "predict_runtime": 9816.0841,
    "predict_samples_per_second": 0.169,
    "predict_steps_per_second": 0.169
}