{
    "predict_bleu-4": 58.18547505,
    "predict_model_preparation_time": 0.0065,
    "predict_rouge-1": 78.0358947,
    "predict_rouge-2": 73.83036665000002,
    "predict_rouge-l": 81.9019609,
    "predict_runtime": 2526.4635,
    "predict_samples_per_second": 0.792,
    "predict_steps_per_second": 0.396
}