{
    "predict_bleu-4": 8.532042393265183,
    "predict_model_preparation_time": 0.0071,
    "predict_rouge-1": 18.249530907997595,
    "predict_rouge-2": 11.511388274203249,
    "predict_rouge-l": 15.640545640408899,
    "predict_runtime": 17449.0763,
    "predict_samples_per_second": 0.095,
    "predict_steps_per_second": 0.095
}