{
    "predict_bleu-4": 1.7253042726347914,
    "predict_model_preparation_time": 0.0061,
    "predict_rouge-1": 3.39009199467877,
    "predict_rouge-2": 0.0,
    "predict_rouge-l": 2.229038766726661,
    "predict_runtime": 121236.2686,
    "predict_samples_per_second": 0.105,
    "predict_steps_per_second": 0.105
}