{
    "predict_bleu-4": 8.20135283911672,
    "predict_model_preparation_time": 0.0065,
    "predict_rouge-1": 10.524133438485803,
    "predict_rouge-2": 4.617702208201893,
    "predict_rouge-l": 8.604770031545742,
    "predict_runtime": 3867.5684,
    "predict_samples_per_second": 0.164,
    "predict_steps_per_second": 0.082
}