{
    "predict_bleu-4": 43.62511733987305,
    "predict_model_preparation_time": 0.0088,
    "predict_rouge-1": 41.12832455279862,
    "predict_rouge-2": 23.8936987305251,
    "predict_rouge-l": 40.96517409117138,
    "predict_runtime": 2094.7345,
    "predict_samples_per_second": 1.655,
    "predict_steps_per_second": 1.655
}