{
    "predict_bleu-4": 7.627575000000001,
    "predict_model_preparation_time": 0.0077,
    "predict_rouge-1": 14.55259921875,
    "predict_rouge-2": 8.3725046875,
    "predict_rouge-l": 11.089068329326922,
    "predict_runtime": 20274.8735,
    "predict_samples_per_second": 0.082,
    "predict_steps_per_second": 0.041
}