{
    "predict_bleu-4": 4.751721256931608,
    "predict_model_preparation_time": 0.0061,
    "predict_rouge-1": 0.15773752310536043,
    "predict_rouge-2": 0.0,
    "predict_rouge-l": 0.06968243992606285,
    "predict_runtime": 10495.8904,
    "predict_samples_per_second": 0.052,
    "predict_steps_per_second": 0.052
}