{
    "predict_bleu-4": 2.7717041113713248,
    "predict_model_preparation_time": 0.0073,
    "predict_rouge-1": 8.707714337756961,
    "predict_rouge-2": 2.4012661722612543,
    "predict_rouge-l": 6.556377920895134,
    "predict_runtime": 58838.6297,
    "predict_samples_per_second": 0.131,
    "predict_steps_per_second": 0.131
}