{
    "predict_bleu-4": 3.6128979166666664,
    "predict_model_preparation_time": 0.0087,
    "predict_rouge-1": 2.1673000631313135,
    "predict_rouge-2": 0.5307452651515151,
    "predict_rouge-l": 1.1462714646464647,
    "predict_runtime": 26150.8078,
    "predict_samples_per_second": 0.061,
    "predict_steps_per_second": 0.03
}