{
    "predict_bleu-4": 4.980402354931043,
    "predict_model_preparation_time": 0.008,
    "predict_rouge-1": 13.059774486078584,
    "predict_rouge-2": 3.1520086781160552,
    "predict_rouge-l": 11.265291438979963,
    "predict_runtime": 21013.6567,
    "predict_samples_per_second": 0.366,
    "predict_steps_per_second": 0.366
}