{
    "predict_bleu-4": 41.72577142857142,
    "predict_model_preparation_time": 0.0069,
    "predict_rouge-1": 63.34999285714286,
    "predict_rouge-2": 62.69488571428572,
    "predict_rouge-l": 57.884485714285724,
    "predict_runtime": 1552.3247,
    "predict_samples_per_second": 0.009,
    "predict_steps_per_second": 0.009
}