{
    "predict_bleu-4": 7.27163630050505,
    "predict_model_preparation_time": 0.0087,
    "predict_rouge-1": 3.76729053030303,
    "predict_rouge-2": 1.1104290404040404,
    "predict_rouge-l": 3.362879671717172,
    "predict_runtime": 20179.9161,
    "predict_samples_per_second": 0.078,
    "predict_steps_per_second": 0.078
}