{
    "predict_bleu-4": 3.5608939123630674,
    "predict_model_preparation_time": 0.0069,
    "predict_rouge-1": 5.296443701095462,
    "predict_rouge-2": 0.0,
    "predict_rouge-l": 3.9940423161189362,
    "predict_runtime": 35286.5173,
    "predict_samples_per_second": 0.362,
    "predict_steps_per_second": 0.181
}